Name,Binomial,Venomous status,Region,Body Shape,Scales,Color,Head Shape,Fangs,Habitat,Recommended Antivenom,About This Snake
Indian Cobra,Naja naja,1,Assam; West Bengal; Odisha; Maharashtra; Tamil Nadu; Karnataka; Kerala; Rajasthan; Uttar Pradesh,Slender,Smooth,Brown,Hooded,Fixed,Farmlands,Polyvalent Antivenom,"A hooded venomous snake commonly found near farms, forests, and human settlements across India."
Monocled Cobra,Naja kaouthia,1,Assam; Nagaland; Manipur; Mizoram; Tripura; Meghalaya; West Bengal,Elongated,Glossy,Olive,Rounded,Hollow,Wetlands,Polyvalent Antivenom,Recognized by its circular hood mark and commonly seen in northeastern India and marshy regions.
King Cobra,Ophiophagus hannah,1,Nagaland; Assam; Arunachal Pradesh; Meghalaya; Kerala; Karnataka; Tamil Nadu,Massive,Ridged,Greenish,Broad,Short,Rainforests,King Cobra Antivenom,"The world's longest venomous snake, mainly inhabiting dense forests and feeding on other snakes."
Common Krait,Bungarus caeruleus,1,Punjab; Haryana; Uttar Pradesh; Bihar; Maharashtra; Andhra Pradesh; Tamil Nadu,Cylindrical,Hexagonal,Black,Flattened,Needlelike,Villages,Polyvalent Antivenom,A nocturnal highly venomous snake often entering houses and hiding in dark places.
Banded Krait,Bungarus fasciatus,1,Assam; Nagaland; West Bengal; Odisha; Bihar; Jharkhand; Tripura,Triangular,Striped,Yellow,Blunt,Venomous,Grasslands,Polyvalent Antivenom,Distinctive yellow-black banded snake usually found near water bodies and dense vegetation.
Sind Krait,Bungarus sindanus,1,Rajasthan; Gujarat; Punjab,Robust,Glossy,Dark,Narrow,Sharp,Deserts,Polyvalent Antivenom,A highly venomous nocturnal krait adapted to dry and semi-arid regions of western India.
Walls Krait,Bungarus walli,1,Assam; West Bengal; Meghalaya; Arunachal Pradesh,Slim,Silky,Bluish,Oval,Curved,Forests,Polyvalent Antivenom,A rare venomous krait species mostly found in moist forests of eastern India.
Greater Black Krait,Bungarus niger,1,Assam; Nagaland; Arunachal Pradesh; Meghalaya,Heavy,Smooth,Jetblack,Small,Injecting,Hillsides,Polyvalent Antivenom,A dark-colored venomous krait inhabiting hilly forest regions of Northeast India.
Andaman Cobra,Naja sagittifera,1,Andaman Islands,Stout,Matte,Brownish,Hooded,Fixed,Mangroves,Polyvalent Antivenom,An island cobra species native to the tropical forests and coastal regions of the Andamans.
Nicobar Cobra,Naja sumatrana,1,Nicobar Islands,Compact,Shiny,Blackish,Rounded,Hollow,Woodlands,Polyvalent Antivenom,A rare cobra species inhabiting dense tropical habitats across the Nicobar Islands.
Slender Coral Snake,Calliophis melanurus,1,Kerala; Karnataka; Tamil Nadu; Goa,Thin,Sleek,Crimson,Tapered,Minute,Leaflitter,Not Applicable,A small secretive coral snake usually found beneath forest debris in moist habitats.
Bibrons Coral Snake,Calliophis bibroni,1,Tamil Nadu; Kerala; Karnataka; Andhra Pradesh,Flexible,Polished,Orange,Pointed,Grooved,Shrublands,Not Applicable,A brightly colored burrowing coral snake active mainly during nighttime in southern India.
Indian Coral Snake,Calliophis nigrescens,1,Maharashtra; Goa; Karnataka; Kerala; Tamil Nadu,Slender,Glossy,Black,Streamlined,Short,Forests,Not Applicable,A venomous forest-dwelling coral snake recognized by its dark body and narrow shape.
Blue Coral Snake,Calliophis bivirgatus,1,Andaman Islands; Nicobar Islands,Ribbonlike,Smooth,Bluish,Elongated,Sharp,Rainforests,Not Applicable,A vividly colored coral snake known for its long venom glands and secretive behavior.
Black Coral Snake,Sinomicrurus macclellandi,1,Assam; Arunachal Pradesh; Nagaland; Manipur,Cylindrical,Banded,Blackish,Rounded,Hollow,Hills,Not Applicable,A small venomous coral snake commonly found in cool forested hill regions.
Himalayan Coral Snake,Calliophis himalayanus,1,Uttarakhand; Himachal Pradesh; Arunachal Pradesh; Sikkim,Slender,Velvety,Maroon,Narrow,Tiny,Mountains,Not Applicable,A rare venomous coral snake inhabiting cool Himalayan forest ecosystems and rocky slopes.
Sea Krait,Laticauda colubrina,1,Andaman Islands; Nicobar Islands,Flattened,Banded,Grayish,Oval,Retractable,Coasts,Sea Snake Antivenom,An amphibious venomous snake spending time both in seawater and on coastal land.
Yellow-lipped Sea Krait,Laticauda colubrina,1,Andaman Islands; Nicobar Islands,Streamlined,Smooth,Striped,Blunt,Hooked,Reefs,Sea Snake Antivenom,Recognized by its yellow snout and banded body near tropical island shorelines.
Annulated Sea Snake,Hydrophis cyanocinctus,1,Odisha; Andhra Pradesh; Tamil Nadu; Andaman Islands,Compressed,Ringed,Olive,Tapered,Venomous,Seas,Sea Snake Antivenom,A highly venomous marine snake commonly seen in warm coastal waters of India.
Beaked Sea Snake,Hydrophis schistosus,1,Gujarat; Maharashtra; Kerala; Tamil Nadu; Odisha,Aquatic,Rough,Gray,Broad,Curved,Estuaries,Sea Snake Antivenom,"One of the most venomous sea snakes, usually inhabiting shallow coastal and estuarine waters."
Hook-nosed Sea Snake,Enhydrina schistosa,1,Gujarat; Maharashtra; Kerala; Tamil Nadu; Odisha,Compressed,Ridged,Silver,Hooked,Rearward,Estuaries,Sea Snake Antivenom,A dangerous marine snake recognized by its hooked snout and strong swimming ability.
Spine-bellied Sea Snake,Hydrophis curtus,1,Andaman Islands; Tamil Nadu; Odisha; Andhra Pradesh,Muscular,Spiny,Brownish,Rounded,Hollow,Coastalwaters,Sea Snake Antivenom,A stout-bodied sea snake often found in shallow tropical marine environments.
Shaws Sea Snake,Hydrophis lapemoides,1,Gujarat; Maharashtra; Kerala; Andaman Islands,Streamlined,Granular,Yellowish,Small,Injecting,Seabeds,Sea Snake Antivenom,A venomous sea snake usually inhabiting sandy seabeds and warm coastal regions.
Short Sea Snake,Hydrophis brevis,1,Tamil Nadu; Odisha; Andhra Pradesh; Andaman Islands,Compact,Smooth,Darkgray,Blunt,Fixed,Shallows,Sea Snake Antivenom,A short-bodied marine snake adapted for life in shallow tropical ocean waters.
Olive Sea Snake,Aipysurus laevis,1,Andaman Islands; Nicobar Islands,Thickened,Glossy,Olivegreen,Bulky,Sharp,Coralreefs,Sea Snake Antivenom,A large reef-associated sea snake commonly found around coral ecosystems and lagoons.
Turtle-headed Sea Snake,Emydocephalus annulatus,1,Andaman Islands; Nicobar Islands,Rounded,Smooth,Cream,Turtlelike,Reduced,Reefs,Sea Snake Antivenom,A reef-dwelling sea snake specialized in feeding mainly on fish eggs and marine nests.
Dubois Sea Snake,Aipysurus duboisii,1,Andaman Islands; Nicobar Islands,Slender,Glossy,Tan,Curved,Potent,Coralreefs,Sea Snake Antivenom,One of the most venomous sea snakes inhabiting warm tropical reef environments.
Horned Sea Snake,Hydrophis peronii,1,Andaman Islands; Nicobar Islands,Compressed,Rough,Grayish,Horned,Hollow,Lagoons,Sea Snake Antivenom,A unique marine snake distinguished by horn-like projections above its eyes.
Dog-faced Water Snake,Cerberus rynchops,0,West Bengal; Odisha; Andhra Pradesh; Kerala; Tamil Nadu,Stout,Keeled,Brown,Doglike,Small,Mangroves,Not Applicable,A non-venomous coastal water snake commonly found in mangroves and muddy estuaries.
Bockadam,Cerberus schneiderii,0,West Bengal; Odisha; Andhra Pradesh; Gujarat,Heavy,Textured,Olivedrab,Flattened,Toothless,Swamps,Not Applicable,A mildly aggressive non-venomous water snake living near brackish wetlands and marshes.
Russells Viper,Daboia russelii,1,Punjab; Uttar Pradesh; Bihar; West Bengal; Maharashtra; Tamil Nadu; Karnataka,Bulky,Keeled,Brownish,Triangular,Long,Grasslands,Polyvalent Antivenom,A highly venomous viper responsible for many snakebite incidents across India.
Saw-scaled Viper,Echis carinatus,1,Rajasthan; Gujarat; Maharashtra; Karnataka; Tamil Nadu,Compact,Rough,Sandy,Angular,Serrated,Deserts,Polyvalent Antivenom,A small aggressive viper producing a rasping sound by rubbing its scales together.
Hump-nosed Pit Viper,Hypnale hypnale,1,Kerala; Tamil Nadu; Karnataka,Short,Ridged,Brown,Humped,Hinged,Plantations,Not Applicable,A cryptic venomous viper usually hidden among leaves in humid forested habitats.
Malabar Pit Viper,Craspedocephalus malabaricus,1,Kerala; Karnataka; Goa; Maharashtra,Robust,Granular,Green,Arrowshaped,Folded,Rainforests,Not Applicable,A colorful pit viper commonly inhabiting dense Western Ghats rainforest ecosystems.
Bamboo Pit Viper,Trimeresurus gramineus,1,Kerala; Karnataka; Tamil Nadu; Andhra Pradesh,Lean,Matte,Emerald,Broad,Curved,Bamboo,Not Applicable,An arboreal green pit viper often resting among bamboo clusters and forest vegetation.
Himalayan Pit Viper,Gloydius himalayanus,1,Jammu and Kashmir; Himachal Pradesh; Uttarakhand; Sikkim,Sturdy,Rugged,Grayish,Triangular,Hinged,Highlands,Not Applicable,A cold-climate venomous viper inhabiting rocky Himalayan mountain terrains and valleys.
Green Pit Viper,Trimeresurus erythrurus,1,Assam; Nagaland; Arunachal Pradesh; Meghalaya; Manipur,Slender,Satin,Green,Leaflike,Retractable,Forests,Not Applicable,A tree-dwelling venomous snake well-camouflaged within dense green forest vegetation.
Popes Pit Viper,Trimeresurus popeiorum,1,Arunachal Pradesh; Nagaland; Assam; Mizoram,Flexible,Keeled,Olivegreen,Pointed,Foldable,Hills,Not Applicable,A nocturnal arboreal pit viper commonly found in humid hilly forest regions.
White-lipped Pit Viper,Trimeresurus albolabris,1,Assam; Meghalaya; Tripura; Mizoram; Nagaland,Thin,Glossy,Limegreen,Rounded,Hollow,Shrubs,Not Applicable,Recognizable by its pale lips and bright green coloration in tropical vegetation.
Mountain Pit Viper,Ovophis monticola,1,Sikkim; Arunachal Pradesh; Uttarakhand; Himachal Pradesh,Heavy,Rough,Earthy,Broadheaded,Venomous,Mountains,Not Applicable,A venomous mountain-dwelling viper usually active in cool rocky forest environments.
Himalayan Green Pit Viper,Trimeresurus septentrionalis,1,Uttarakhand; Sikkim; Arunachal Pradesh; Himachal Pradesh,Slim,Keeled,Leafgreen,Triangular,Retractable,Woodlands,Not Applicable,A green arboreal pit viper adapted to cool Himalayan forest ecosystems.
Cantors Pit Viper,Cryptelytrops cantori,1,Assam; Arunachal Pradesh; Nagaland; Mizoram,Stocky,Textured,Brownish,Angular,Folded,Rainforests,Not Applicable,A cryptic venomous viper commonly hidden within dense tropical forest vegetation.
Nicobar Pit Viper,Trimeresurus labialis,1,Nicobar Islands,Compact,Granular,Darkgreen,Flattened,Hollow,Islands,Not Applicable,An endemic island pit viper inhabiting dense tropical habitats of the Nicobars.
Large-scaled Pit Viper,Peltopelor macrolepis,1,Arunachal Pradesh; Nagaland; Manipur,Robust,Enlarged,Olive,Wide,Curved,Hillsides,Not Applicable,A rare venomous viper distinguished by its unusually large body scales.
Levantine Viper,Macrovipera lebetina,1,Jammu and Kashmir; Rajasthan,Massive,Ridged,Tan,Blocky,Long,Rocklands,Polyvalent Antivenom,A heavy-bodied venomous viper adapted to dry rocky and semi-arid terrains.
Blunt-nosed Viper,Macrovipera obtusa,1,Jammu and Kashmir; Ladakh,Thick,Keeled,Gray,Triangular,Hinged,Rockylands,Polyvalent Antivenom,A heavy venomous viper inhabiting dry rocky mountain regions and arid landscapes.
Himalayan Leaf-nosed Pit Viper,Craspedocephalus trigonocephalus,1,Sikkim; Arunachal Pradesh; Uttarakhand,Flattened,Leaflike,Greenish,Leafnosed,Curved,Cloudforests,Not Applicable,A camouflaged pit viper blending efficiently within dense Himalayan forest vegetation.
Eyelash Pit Viper,Bothriechis schlegelii,1,Not Naturally Found in India,Slender,Raised,Yellow,Spiky,Hollow,Rainforests,Not Applicable,A brightly colored arboreal pit viper known for scale projections above its eyes.
Mangshan Pit Viper,Protobothrops mangshanensis,1,Not Naturally Found in India,Bulky,Rough,Patterned,Broad,Long,BambooForests,Not Applicable,A rare giant pit viper recognized for its striking camouflage and heavy build.
Red-necked Keelback Viper,Rhabdophis subminiatus,1,Assam; Arunachal Pradesh; Nagaland; Meghalaya,Elongated,Keeled,Reddish,Narrow,Rearfanged,Wetlands,Not Applicable,A semi-aquatic rear-fanged snake identified by its distinct reddish neck markings.
Indian Rat Snake,Ptyas mucosa,0,Assam; West Bengal; Odisha; Maharashtra; Tamil Nadu; Kerala; Karnataka,Lengthy,Smooth,Olivebrown,Narrow,Small,Farmlands,Not Applicable,"A fast-moving non-venomous snake commonly found near farms, water bodies, and villages."
Trinket Snake,Coelognathus helena,0,Maharashtra; Karnataka; Tamil Nadu; Kerala; Andhra Pradesh,Slender,Glossy,Bronze,Oval,Curved,Scrublands,Not Applicable,A beautifully patterned non-venomous snake often seen in dry forest habitats.
Common Trinket Snake,Coelognathus helena helena,0,Gujarat; Rajasthan; Maharashtra; Karnataka,Flexible,Polished,Brownish,Streamlined,Toothlike,Grasslands,Not Applicable,A harmless agile snake recognized for its chain-like body markings and alert behavior.
Oriental Rat Snake,Ptyas mucosa,0,Assam; Nagaland; West Bengal; Bihar; Kerala; Tamil Nadu,Lean,Keeled,Yellowish,Pointed,Tiny,Wetlands,Not Applicable,A widespread non-venomous snake known for controlling rodent populations around human settlements.
Beauty Rat Snake,Orthriophis taeniurus,0,Assam; Arunachal Pradesh; Nagaland; Manipur,Elegant,Banded,Golden,Elongated,Sharp,Forests,Not Applicable,A colorful climbing snake admired for its striking patterns and active movement.
Copper-headed Trinket Snake,Coelognathus radiatus,0,Assam; West Bengal; Odisha; Kerala; Karnataka; Tamil Nadu,Streamlined,Satin,Copper,Arrowshaped,Small,Woodlands,Not Applicable,A swift non-venomous snake recognized by its copper-colored head and striped body.
Indian Smooth Snake,Coronella brachyura,0,Maharashtra; Gujarat; Rajasthan; Karnataka,Compact,Smooth,Graybrown,Rounded,Tiny,Shrublands,Not Applicable,A harmless secretive snake usually found beneath rocks and dry vegetation.
Green Keelback,Rhabdophis plumbicolor,0,Kerala; Karnataka; Tamil Nadu; Maharashtra,Slender,Keeled,Green,Blunt,Rearfanged,Grasslands,Not Applicable,A mildly venomous-looking but generally harmless snake commonly found near moist habitats.
Olive Keelback,Atretium schistosum,0,Tamil Nadu; Kerala; Andhra Pradesh; Odisha,Flexible,Rough,Olive,Tapered,Short,Ponds,Not Applicable,A semi-aquatic non-venomous snake often seen around ponds and marshy wetlands.
Checkered Keelback,Fowlea piscator,0,Assam; Bihar; West Bengal; Uttar Pradesh; Kerala; Tamil Nadu,Muscular,Checkered,Brown,Narrow,Toothlike,Rivers,Not Applicable,"A common water snake frequently observed near rivers, lakes, and fishing areas."
Buff-striped Keelback,Amphiesma stolatum,0,Assam; West Bengal; Odisha; Maharashtra; Tamil Nadu; Kerala,Slim,Keeled,Buff,Rounded,Small,Gardens,Not Applicable,A harmless small snake commonly seen in grassy fields and residential gardens.
Striped Keelback,Amphiesma khasiense,0,Assam; Meghalaya; Arunachal Pradesh; Nagaland,Elongated,Striped,Olivebrown,Flattened,Tiny,Streams,Not Applicable,A semi-aquatic keelback usually found near hill streams and moist forests.
Himalayan Keelback,Herpetoreas platyceps,0,Uttarakhand; Himachal Pradesh; Sikkim; Arunachal Pradesh,Flexible,Rugged,Graygreen,Broad,Tapered,Highlands,Not Applicable,A cold-region non-venomous snake adapted to rocky Himalayan environments and streams.
Mountain Keelback,Opisthotropis maculosa,0,Nagaland; Arunachal Pradesh; Meghalaya; Manipur,Compact,Textured,Darkolive,Blunt,Minute,Hillsides,Not Applicable,A secretive snake inhabiting moist mountain forests and flowing water habitats.
Assam Keelback,Hebius parallelus,0,Assam; Arunachal Pradesh; Nagaland,Lean,Parallel,Brownish,Oval,Short,Rainforests,Not Applicable,A forest-dwelling keelback commonly encountered in humid northeastern Indian habitats.
Yellow-spotted Keelback,Fowlea flavipunctatus,0,Assam; West Bengal; Odisha; Kerala,Slender,Spotted,Olivegreen,Rounded,Small,Wetlands,Not Applicable,A semi-aquatic non-venomous snake recognized by yellow spots along its body.
Red-necked Keelback,Rhabdophis subminiatus,1,Assam; Arunachal Pradesh; Nagaland; Meghalaya,Flexible,Keeled,Reddish,Narrow,Rearfanged,Marshes,Not Applicable,A brightly marked rear-fanged snake commonly found near wetlands and forest streams.
Tiger Keelback,Rhabdophis tigrinus,1,Arunachal Pradesh; Assam; Nagaland,Robust,Banded,Orangeblack,Triangular,Grooved,Grasslands,Not Applicable,A venomous keelback displaying tiger-like patterns and defensive neck coloration.
Green Vine Snake,Ahaetulla nasuta,0,Kerala; Karnataka; Tamil Nadu; Goa; Maharashtra,Threadlike,Smooth,Green,Pointed,Rearward,Trees,Not Applicable,A slender arboreal snake using camouflage to blend among leaves and branches.
Brown Vine Snake,Ahaetulla pulverulenta,0,Kerala; Karnataka; Tamil Nadu,Whiplike,Matte,Brown,Elongated,Tiny,Canopies,Not Applicable,A tree-dwelling snake adapted for camouflage within dry branches and forest vegetation.
Long-nosed Vine Snake,Ahaetulla oxyrhyncha,0,Assam; Arunachal Pradesh; Nagaland; Meghalaya,Needlelike,Smooth,Leafgreen,Longsnouted,Rearward,Canopies,Not Applicable,An arboreal snake with an extended snout specialized for camouflage among foliage.
Common Bronzeback Tree Snake,Dendrelaphis tristis,0,Maharashtra; Karnataka; Kerala; Tamil Nadu; Odisha,Slender,Glossy,Bronze,Oval,Small,Trees,Not Applicable,A fast-moving tree snake commonly seen gliding across branches and shrubs.
Painted Bronzeback,Dendrelaphis pictus,0,Assam; West Bengal; Odisha; Kerala; Karnataka,Streamlined,Striped,Goldenbrown,Pointed,Tiny,Forests,Not Applicable,"A colorful agile tree snake inhabiting forests, gardens, and tropical vegetation."
Green Bronzeback,Dendrelaphis formosus,0,Assam; Arunachal Pradesh; Nagaland; Meghalaya,Flexible,Satin,Greenish,Narrow,Sharp,Rainforests,Not Applicable,A slender arboreal snake active during daytime in dense humid forests.
Andaman Bronzeback,Dendrelaphis andamanensis,0,Andaman Islands,Lean,Polished,Olivebrown,Rounded,Minute,Woodlands,Not Applicable,An island tree snake endemic to the tropical forests of the Andaman Islands.
Black-headed Royal Snake,Spalerosophis atriceps,0,Rajasthan; Gujarat; Punjab; Haryana,Robust,Smooth,Tan,Blackheaded,Small,Deserts,Not Applicable,A non-venomous royal snake adapted to dry plains and semi-arid habitats.
Indian Egg-eating Snake,Elachistodon westermanni,0,Maharashtra; Madhya Pradesh; Odisha; Bihar,Slender,Flexible,Brownish,Narrow,Toothless,Scrublands,Not Applicable,A rare harmless snake specialized in feeding exclusively on bird eggs.
Indian Wolf Snake,Lycodon aulicus,0,Assam; West Bengal; Maharashtra; Kerala; Tamil Nadu,Cylindrical,Glossy,Blackwhite,Flattened,Sharp,Houses,Not Applicable,A nocturnal non-venomous snake often mistaken for kraits near human settlements.
Barred Wolf Snake,Lycodon striatus,0,Gujarat; Rajasthan; Maharashtra; Karnataka,Slim,Banded,Graybrown,Oval,Tiny,Grasslands,Not Applicable,A harmless night-active snake recognized by its barred body pattern and secretive habits.
Travancore Wolf Snake,Lycodon travancoricus,0,Kerala; Karnataka; Tamil Nadu,Compact,Satin,Darkbrown,Blunt,Minute,Rainforests,Not Applicable,A forest-dwelling wolf snake commonly found in moist Western Ghats habitats.
Common Cat Snake,Boiga trigonata,0,Rajasthan; Gujarat; Maharashtra; Karnataka; Tamil Nadu,Slender,Keeled,Brownish,Triangular,Rearfanged,Shrublands,Not Applicable,A nocturnal mildly venomous tree snake recognized by its cat-like vertical pupils.
Beddomes Cat Snake,Boiga beddomei,0,Kerala; Karnataka; Tamil Nadu,Flexible,Glossy,Chestnut,Oval,Curved,Rainforests,Not Applicable,A secretive arboreal snake commonly inhabiting dense Western Ghats forests.
Forstens Cat Snake,Boiga forsteni,0,Assam; Odisha; Kerala; Karnataka; Tamil Nadu,Elongated,Smooth,Olivebrown,Broad,Sharp,Woodlands,Not Applicable,A large climbing snake active mostly at night within forested habitats.
Mountain Cat Snake,Boiga multifasciata,0,Arunachal Pradesh; Nagaland; Meghalaya; Sikkim,Lean,Banded,Grayish,Flattened,Hooked,Hills,Not Applicable,A cool-region arboreal snake usually found in hilly forests and rocky vegetation.
Andaman Cat Snake,Boiga andamanensis,0,Andaman Islands,Slim,Polished,Darkolive,Rounded,Tiny,Tropicalforests,Not Applicable,An endemic island cat snake adapted to humid tropical forest environments.
Common Kukri Snake,Oligodon arnensis,0,Assam; West Bengal; Maharashtra; Karnataka; Tamil Nadu,Compact,Smooth,Brown,Narrow,Bladelike,Farmlands,Not Applicable,A harmless ground snake named after its curved kukri-shaped rear teeth.
Banded Kukri Snake,Oligodon taeniolatus,0,Rajasthan; Gujarat; Maharashtra; Karnataka,Slender,Banded,Tan,Rounded,Sharp,Scrublands,Not Applicable,A small nocturnal snake recognized by dark bands across its body.
Ocellated Kukri Snake,Oligodon ocellatus,0,Assam; Arunachal Pradesh; Nagaland; Meghalaya,Flexible,Spotted,Olive,Flattened,Curved,Forests,Not Applicable,A secretive kukri snake displaying eye-like markings along its patterned body.
Coral Kukri Snake,Oligodon kheriensis,0,Uttar Pradesh; Bihar; West Bengal; Assam,Lean,Glossy,Coralred,Pointed,Tiny,Grasslands,Not Applicable,A brightly colored kukri snake inhabiting moist grasslands and forest edges.
Streaked Kukri Snake,Oligodon dorsalis,0,Kerala; Karnataka; Tamil Nadu; Goa,Threadlike,Striped,Bronzebrown,Oval,Minute,Leaflitter,Not Applicable,A tiny forest-floor snake commonly hidden beneath leaves and loose soil.
Black Kukri Snake,Oligodon melaneus,0,Assam; Arunachal Pradesh; Nagaland; Meghalaya,Slim,Glossy,Black,Rounded,Bladelike,Forests,Not Applicable,A dark-colored kukri snake usually active during nighttime within humid forest habitats.
Olive Kukri Snake,Oligodon cyclurus,0,West Bengal; Odisha; Assam; Kerala,Flexible,Smooth,Olive,Pointed,Curved,Shrublands,Not Applicable,A harmless nocturnal snake commonly found near bushes and forest undergrowth.
Common Mock Viper,Psammodynastes pulverulentus,0,Assam; Arunachal Pradesh; Nagaland; Meghalaya,Short,Rough,Brownish,Triangular,Rearward,Rainforests,Not Applicable,A small snake mimicking vipers through defensive posture and triangular head appearance.
Glossy Marsh Snake,Xenochrophis cerasogaster,0,Assam; West Bengal; Odisha; Bihar,Elongated,Shiny,Darkolive,Narrow,Small,Marshes,Not Applicable,"A semi-aquatic snake inhabiting marshlands, ponds, and slow-moving freshwater habitats."
Indian Water Snake,Fowlea piscator,0,Assam; Uttar Pradesh; Bihar; Kerala; Tamil Nadu,Muscular,Keeled,Checkered,Flattened,Toothlike,Rivers,Not Applicable,"A common freshwater snake frequently seen swimming near lakes, rivers, and wetlands."
Rainbow Water Snake,Enhydris enhydris,0,West Bengal; Odisha; Assam; Kerala,Slender,Iridescent,Rainbow,Narrow,Small,Swamps,Not Applicable,A semi-aquatic snake displaying subtle rainbow-like sheen under sunlight near wetlands.
Asiatic Water Snake,Fowlea asperrima,0,Assam; Arunachal Pradesh; Nagaland; Meghalaya,Flexible,Rough,Olivebrown,Rounded,Tiny,Streams,Not Applicable,A freshwater snake commonly found around hill streams and marshy environments.
Fishing Snake,Xenochrophis piscator,0,Uttar Pradesh; Bihar; West Bengal; Tamil Nadu; Kerala,Muscular,Keeled,Browncheckered,Flattened,Sharp,Lakes,Not Applicable,A strong swimming snake often hunting fish and amphibians in freshwater habitats.
Smooth Water Snake,Enhydris plumbea,0,Odisha; Andhra Pradesh; Tamil Nadu; Kerala,Compact,Smooth,Graybrown,Blunt,Minute,Ponds,Not Applicable,"A harmless aquatic snake inhabiting ponds, marshes, and slow-moving waters."
Black-headed Snake,Sibynophis subpunctatus,0,Kerala; Karnataka; Tamil Nadu; Goa,Lean,Polished,Yellowish,Blackheaded,Toothlike,Leaflitter,Not Applicable,A small non-venomous snake usually hidden beneath forest leaves and loose soil.
Indian Rock Python,Python molurus,0,Assam; West Bengal; Odisha; Maharashtra; Kerala; Karnataka; Tamil Nadu,Massive,Rough,Brownpatterned,Broad,Recurved,Grasslands,Not Applicable,"A large constrictor commonly inhabiting forests, wetlands, and rocky terrains across India."
Burmese Python,Python bivittatus,0,Assam; Arunachal Pradesh; Nagaland; Manipur,Bulky,Glossy,Tanpatterned,Triangular,Hooked,Swamps,Not Applicable,A giant non-venomous python often found near marshes and tropical forests.
Reticulated Python,Malayopython reticulatus,0,Nicobar Islands,Lengthy,Netpatterned,Goldenbrown,Elongated,Sharp,Rainforests,Not Applicable,The world's longest snake species known for its intricate net-like body patterns.
Ball Python,Python regius,0,Not Naturally Found in India,Compact,Smooth,Darkbrown,Rounded,Small,Savannas,Not Applicable,A docile python famous for curling into a tight defensive ball posture.
Sand Boa,Eryx conicus,0,Rajasthan; Gujarat; Maharashtra; Karnataka; Tamil Nadu,Stout,Keeled,Sandy,Blunt,Tiny,Deserts,Not Applicable,A burrowing non-venomous snake adapted for dry sandy and loose-soil habitats.
Red Sand Boa,Eryx johnii,0,Maharashtra; Gujarat; Rajasthan; Karnataka; Andhra Pradesh,Thick,Smooth,Reddish,Flattened,Minute,Scrublands,Not Applicable,A heavy-bodied burrowing snake popularly known for its reddish-brown coloration.
Rough-scaled Sand Boa,Eryx conicus,0,Punjab; Haryana; Rajasthan; Gujarat,Robust,Rough,Brown,Narrow,Small,Aridlands,Not Applicable,A nocturnal sand boa specialized for burrowing through loose dry soil.
Common Sand Boa,Gongylophis conicus,0,Maharashtra; Rajasthan; Gujarat; Tamil Nadu,Compact,Textured,Olivebrown,Short,Toothlike,Farmlands,Not Applicable,A harmless ground-dwelling boa often hidden beneath rocks and dry vegetation.
Arabian Sand Boa,Eryx jayakari,0,Not Naturally Found in India,Cylindrical,Granular,Yellowbrown,Spadelike,Tiny,Deserts,Not Applicable,A desert-adapted burrowing boa commonly inhabiting sandy Middle Eastern environments.
Dumerils Boa,Acrantophis dumerili,0,Not Naturally Found in India,Heavy,Satin,Brownblack,Wide,Curved,Dryforests,Not Applicable,A large constrictor native to Madagascar with excellent camouflage patterns.
Rubber Boa,Charina bottae,0,Not Naturally Found in India,Stubby,Rubbery,Tan,Blunt,Minute,Woodlands,Not Applicable,A slow-moving boa recognized for its smooth rubber-like skin texture and gentle nature.
Rosy Boa,Lichanura trivirgata,0,Not Naturally Found in India,Compact,Smooth,Rosy,Rounded,Small,Rocklands,Not Applicable,A colorful non-venomous boa commonly inhabiting rocky desert and scrub environments.
Madurai Shieldtail,Uropeltis madurensis,0,Tamil Nadu,Cylindrical,Smooth,Darkbrown,Rounded,Tiny,Underground,Not Applicable,A burrowing shieldtail snake endemic to the forested hills near Madurai.
Travancore Shieldtail,Uropeltis travancoricus,0,Kerala; Tamil Nadu,Compact,Glossy,Purplish,Blunt,Minute,Leaflitter,Not Applicable,A secretive underground snake inhabiting moist forests of the southern Western Ghats.
Kerala Shieldtail,Uropeltis liura,0,Kerala,Stubby,Polished,Blackish,Flattened,Small,Rainforests,Not Applicable,An endemic shieldtail snake adapted for burrowing in wet tropical soils.
Black Shieldtail,Uropeltis nigra,0,Tamil Nadu; Kerala,Short,Satin,Black,Oval,Tiny,Hillsides,Not Applicable,A dark-colored fossorial snake commonly found beneath loose forest soil.
Striped Shieldtail,Uropeltis macrorhyncha,0,Kerala; Tamil Nadu,Flexible,Striped,Brownish,Pointed,Minute,Woodlands,Not Applicable,A small burrowing snake distinguished by faint longitudinal body stripes.
Kolli Hills Shieldtail,Uropeltis shorttii,0,Tamil Nadu,Robust,Textured,Graybrown,Rounded,Small,Mountains,Not Applicable,A rare endemic shieldtail inhabiting the rocky forests of Kolli Hills.
Nilgiri Shieldtail,Uropeltis ocellata,0,Tamil Nadu; Kerala,Slender,Smooth,Oliveblack,Blunt,Tiny,Grasslands,Not Applicable,A fossorial snake native to high-elevation Nilgiri grasslands and forests.
Purple Shieldtail,Melanophidium punctatum,0,Kerala; Karnataka; Tamil Nadu,Elongated,Iridescent,Purple,Narrow,Minute,Humus,Not Applicable,A rare burrowing snake showing a glossy purple sheen under natural light.
Coorg Shieldtail,Uropeltis arcticeps,0,Karnataka; Kerala,Compact,Smooth,Darkolive,Rounded,Tiny,Plantations,Not Applicable,A burrowing shieldtail commonly found in moist soils of Coorg hill regions.
Karnataka Shieldtail,Uropeltis ceylanica,0,Karnataka; Kerala; Tamil Nadu,Cylindrical,Glossy,Brownblack,Blunt,Minute,Rainforests,Not Applicable,A secretive underground snake adapted to wet forest floor habitats.
White-spotted Shieldtail,Uropeltis dindigalensis,0,Tamil Nadu,Stubby,Spotted,Blackwhite,Flattened,Small,Hillsides,Not Applicable,A rare shieldtail distinguished by pale body spots and fossorial behavior.
Brown Shieldtail,Uropeltis woodmasoni,0,Kerala; Tamil Nadu,Short,Polished,Brown,Rounded,Tiny,Leaflitter,Not Applicable,A harmless burrowing snake inhabiting damp forest soils and leaf-covered terrain.
Speckled Shieldtail,Uropeltis maculata,0,Kerala; Karnataka; Tamil Nadu,Flexible,Speckled,Graybrown,Oval,Minute,Woodlands,Not Applicable,A small fossorial shieldtail recognized by tiny speckled markings across its body.
Indian Worm Snake,Indotyphlops braminus,0,Assam; West Bengal; Maharashtra; Kerala; Tamil Nadu,Threadlike,Smooth,Darkbrown,Blunt,Toothless,Gardens,Not Applicable,A tiny burrowing snake often mistaken for an earthworm in loose soil.
Brahminy Blind Snake,Indotyphlops braminus,0,All Indian States,Slender,Glossy,Blackish,Rounded,Minute,Underground,Not Applicable,"A widespread blind snake commonly found beneath stones, flowerpots, and moist soil."
Beaked Worm Snake,Grypotyphlops acutus,0,Tamil Nadu; Kerala; Karnataka; Andhra Pradesh,Cylindrical,Polished,Pinkbrown,Beaked,Tiny,Scrublands,Not Applicable,A fossorial snake recognized by its pointed beak-like snout for digging.
Slender Worm Snake,Myriopholis macrorhyncha,0,Rajasthan; Gujarat; Maharashtra,Needlelike,Satin,Sandy,Narrow,Small,Deserts,Not Applicable,A delicate underground snake adapted to loose sandy and dry environments.
Thread Snake,Leptotyphlops scutifrons,0,Not Naturally Found in India,Hairlike,Sleek,Grayish,Spadelike,Toothless,Grasslands,Not Applicable,A tiny burrowing snake resembling a thread due to its extremely thin body.
Blind Burrowing Snake,Argyrophis diardii,0,Assam; West Bengal; Odisha; Kerala,Cylindrical,Smooth,Darkgray,Blunt,Toothless,Underground,Not Applicable,A fossorial blind snake spending most of its life beneath loose moist soil.
Tiny Blind Snake,Indotyphlops porrectus,0,Tamil Nadu; Kerala; Karnataka,Hairlike,Glossy,Brownish,Rounded,Minute,Gardens,Not Applicable,A very small underground snake commonly hidden beneath rocks and garden debris.
Long-tailed Blind Snake,Argyrophis oxycephalus,0,Assam; Arunachal Pradesh; Nagaland,Slender,Polished,Purplish,Pointed,Tiny,Rainforests,Not Applicable,A secretive blind snake distinguished by its unusually elongated tail region.
Flowerpot Snake,Indotyphlops braminus,0,All Indian States,Threadlike,Sleek,Black,Rounded,Toothless,Flowerpots,Not Applicable,A tiny parthenogenetic snake frequently transported through soil and potted plants.
Earth Snake,Trachischium monticola,0,Sikkim; Arunachal Pradesh; Meghalaya; Nagaland,Compact,Rough,Earthbrown,Flattened,Small,Leaflitter,Not Applicable,A small ground-dwelling snake adapted to cool moist forest floor habitats.
Ornate Flying Snake,Chrysopelea ornata,0,Assam; West Bengal; Kerala; Karnataka; Tamil Nadu,Flattened,Patterned,Greenyellow,Elongated,Rearfanged,Trees,Not Applicable,A gliding arboreal snake capable of moving between trees through controlled aerial motion.
Paradise Flying Snake,Chrysopelea paradisi,0,Andaman Islands; Nicobar Islands,Ribbonlike,Glossy,Blackgreen,Narrow,Curved,Rainforests,Not Applicable,A beautifully patterned flying snake known for impressive gliding abilities among forest canopies.
Twin-barred Tree Snake,Chrysopelea pelias,0,Assam; Arunachal Pradesh; Nagaland; Meghalaya,Slender,Banded,Bronzegreen,Pointed,Sharp,Woodlands,Not Applicable,A small arboreal snake recognized by paired dark bands across its body.
Golden Tree Snake,Chrysopelea ornata ornata,0,Kerala; Karnataka; Tamil Nadu; Goa,Flexible,Satin,Golden,Oval,Tiny,Canopies,Not Applicable,A striking tree snake commonly observed gliding through tropical forest vegetation.
Green Tree Snake,Dendrelaphis punctulatus,0,Not Naturally Found in India,Lean,Smooth,Brightgreen,Rounded,Minute,Forests,Not Applicable,A fast-moving arboreal snake adapted for camouflage among green foliage.
Slender Tree Snake,Dendrelaphis caudolineatus,0,Assam; West Bengal; Kerala; Karnataka; Tamil Nadu,Whiplike,Glossy,Olivegreen,Pointed,Tiny,Canopies,Not Applicable,A highly agile arboreal snake commonly active during daytime among tree branches.
Forest Vine Snake,Ahaetulla perroteti,0,Kerala; Karnataka; Tamil Nadu,Threadlike,Smooth,Leafgreen,Elongated,Rearward,Rainforests,Not Applicable,A slender forest snake using camouflage to remain hidden within dense vegetation.
Bamboo Tree Snake,Chrysopelea taprobanica,0,Kerala; Tamil Nadu; Karnataka,Flexible,Striped,Bamboogreen,Narrow,Sharp,Bamboo,Not Applicable,An arboreal snake frequently associated with bamboo groves and tropical forests.
Spotted Tree Snake,Dendrelaphis punctulatus,0,Not Naturally Found in India,Slim,Spotted,Greenish,Rounded,Minute,Woodlands,Not Applicable,A fast-moving tree snake displaying scattered body spots and arboreal habits.
Bridle Snake,Dryocalamus nympha,0,Assam; Arunachal Pradesh; Nagaland; Meghalaya,Compact,Polished,Darkbrown,Blunt,Tiny,Shrublands,Not Applicable,A small nocturnal tree snake recognized by pale markings around its neck region.
Hill Tree Snake,Dendrelaphis chairecacos,0,Assam; Arunachal Pradesh; Nagaland; Meghalaya,Slender,Textured,Olivebrown,Pointed,Tiny,Hillsides,Not Applicable,An agile arboreal snake commonly inhabiting hilly forest and shrub-covered terrains.
Flying Vine Snake,Chrysopelea paradisi,0,Andaman Islands; Nicobar Islands,Ribbonlike,Glossy,Greenblack,Narrow,Curved,Canopies,Not Applicable,A gliding tree snake capable of traveling between branches through aerial movement.
Long-headed Tree Snake,Ahaetulla longirostris,0,Kerala; Karnataka; Tamil Nadu,Needlelike,Smooth,Leafy,Longheaded,Rearward,Rainforests,Not Applicable,A vine snake distinguished by its elongated head and excellent camouflage abilities.
Forest Bronzeback,Dendrelaphis bifrenalis,0,Assam; Arunachal Pradesh; Nagaland; Meghalaya,Flexible,Satin,Bronzegreen,Oval,Small,Forests,Not Applicable,A swift arboreal snake active during daytime within humid tropical forests.
Yellow Tree Snake,Dendrelaphis punctulatus,0,Not Naturally Found in India,Lean,Glossy,Yellowgreen,Rounded,Minute,Woodlands,Not Applicable,A brightly colored tree snake commonly inhabiting forested and shrub-rich environments.
Checkered Water Snake,Fowlea piscator,0,Assam; Bihar; West Bengal; Uttar Pradesh; Kerala; Tamil Nadu,Muscular,Checkered,Brown,Narrow,Toothlike,Rivers,Not Applicable,"A common freshwater snake frequently seen swimming near rivers, ponds, and wetlands."
Smooth Water Snake,Enhydris plumbea,0,Odisha; Andhra Pradesh; Tamil Nadu; Kerala,Compact,Smooth,Graybrown,Blunt,Minute,Ponds,Not Applicable,"A harmless aquatic snake inhabiting ponds, marshes, and slow-moving freshwater habitats."
Dog-faced Water Snake,Cerberus rynchops,0,West Bengal; Odisha; Andhra Pradesh; Kerala; Tamil Nadu,Stout,Keeled,Brown,Doglike,Small,Mangroves,Not Applicable,A non-venomous coastal water snake commonly found in muddy estuarine environments.
Mud Snake,Farancia abacura,0,Not Naturally Found in India,Cylindrical,Glossy,Blackred,Flattened,Tiny,Swamps,Not Applicable,A secretive aquatic snake usually inhabiting muddy marshes and swamp ecosystems.
Freshwater Snake,Xenochrophis piscator,0,Assam; Odisha; Bihar; Tamil Nadu; Kerala,Flexible,Rough,Olive,Narrow,Sharp,Lakes,Not Applicable,A widespread non-venomous snake often hunting fish and frogs in freshwater habitats.
Reed Snake,Calamaria reedi,0,Assam; Arunachal Pradesh; Meghalaya; Nagaland,Slender,Smooth,Brownish,Blunt,Tiny,Reedbeds,Not Applicable,A small secretive snake commonly hidden within reeds and moist grassy habitats.
Marsh Snake,Xenochrophis cerasogaster,0,West Bengal; Assam; Odisha; Bihar,Flexible,Glossy,Darkolive,Rounded,Minute,Marshes,Not Applicable,A semi-aquatic snake usually inhabiting marshlands and shallow freshwater wetlands.
Rice Paddy Snake,Fowlea piscator,0,Assam; West Bengal; Odisha; Tamil Nadu; Kerala,Muscular,Keeled,Checkered,Flattened,Sharp,Paddyfields,Not Applicable,A common water snake frequently seen hunting frogs and fish in rice fields.
Mangrove Water Snake,Cerberus rynchops,0,West Bengal; Odisha; Andhra Pradesh; Tamil Nadu,Stout,Rough,Graybrown,Doglike,Small,Mangroves,Not Applicable,A coastal snake adapted to muddy mangrove forests and brackish estuarine waters.
River Snake,Atretium schistosum,0,Kerala; Karnataka; Tamil Nadu; Andhra Pradesh,Elongated,Satin,Olivegreen,Narrow,Tiny,Rivers,Not Applicable,A harmless semi-aquatic snake commonly found near flowing freshwater river systems.
Stream Snake,Opisthotropis maculosa,0,Arunachal Pradesh; Nagaland; Meghalaya; Manipur,Slender,Textured,Darkbrown,Blunt,Minute,Streams,Not Applicable,A secretive freshwater snake inhabiting rocky hill streams and forest waterways.
Pond Snake,Enhydris plumbea,0,Tamil Nadu; Kerala; Andhra Pradesh; Odisha,Compact,Smooth,Grayolive,Rounded,Tiny,Ponds,Not Applicable,A harmless aquatic snake commonly living in ponds and stagnant freshwater habitats.
Wetland Snake,Fowlea piscator,0,Assam; Bihar; West Bengal; Kerala; Tamil Nadu,Flexible,Keeled,Checkered,Narrow,Sharp,Wetlands,Not Applicable,"A widespread water snake frequently found near marshes, lakes, and wetland regions."
Coastal Water Snake,Cerberus rynchops,0,West Bengal; Odisha; Andhra Pradesh; Tamil Nadu,Robust,Rough,Browngray,Doglike,Small,Coastlines,Not Applicable,A mangrove-associated water snake adapted for muddy coastal and brackish environments.
Estuarine Snake,Gerarda prevostiana,0,Andaman Islands; Nicobar Islands; Odisha,Flattened,Granular,Olivebrown,Short,Tiny,Estuaries,Not Applicable,A crab-eating aquatic snake specialized for estuarine and tidal mudflat habitats.
Saltwater Snake,Hydrophis schistosus,1,Gujarat; Maharashtra; Kerala; Tamil Nadu; Odisha,Compressed,Smooth,Grayish,Broad,Curved,Seacoasts,Sea Snake Antivenom,A highly venomous marine snake adapted for life in warm coastal waters.
Delta Snake,Cerberus rynchops,0,West Bengal; Odisha; Andhra Pradesh,Stout,Rough,Mudbrown,Flattened,Small,Deltas,Not Applicable,A brackish-water snake commonly inhabiting river deltas and muddy estuarine habitats.
Swamp Snake,Enhydris enhydris,0,Assam; West Bengal; Kerala; Odisha,Flexible,Glossy,Darkolive,Rounded,Tiny,Swamps,Not Applicable,A harmless aquatic snake usually found in marshes and swampy freshwater regions.
Water Kukri Snake,Oligodon taeniolatus,0,Assam; Odisha; West Bengal; Kerala,Slim,Banded,Brownish,Oval,Bladelike,Wetlands,Not Applicable,A small kukri snake occasionally found near moist wetlands and shallow water bodies.
Aquatic Keelback,Fowlea piscator,0,Assam; Bihar; Uttar Pradesh; Kerala; Tamil Nadu,Muscular,Keeled,Checkered,Narrow,Sharp,Rivers,Not Applicable,A common freshwater keelback frequently hunting fish and amphibians in rivers.
Himalayan Rat Snake,Elaphe hodgsonii,0,Uttarakhand; Himachal Pradesh; Sikkim; Arunachal Pradesh,Lengthy,Keeled,Olivebrown,Narrow,Small,Mountains,Not Applicable,A cool-region rat snake commonly inhabiting Himalayan forests and rocky terrains.
Himalayan Trinket Snake,Coelognathus helena monticollaris,0,Sikkim; Arunachal Pradesh; Meghalaya,Slender,Glossy,Bronzebrown,Oval,Curved,Hillsides,Not Applicable,A patterned non-venomous snake adapted to humid hilly forest environments.
Himalayan Wolf Snake,Lycodon mackinnoni,0,Uttarakhand; Himachal Pradesh; Sikkim,Compact,Satin,Grayblack,Flattened,Tiny,Woodlands,Not Applicable,A nocturnal harmless snake usually hidden beneath stones and forest debris.
Himalayan Cat Snake,Boiga multifasciata,0,Arunachal Pradesh; Nagaland; Meghalaya; Sikkim,Flexible,Banded,Browngray,Triangular,Rearfanged,Cloudforests,Not Applicable,A climbing snake active during nighttime in cool mountainous forest habitats.
Himalayan Vine Snake,Ahaetulla nasuta,0,Uttarakhand; Sikkim; Arunachal Pradesh,Threadlike,Smooth,Leafgreen,Pointed,Rearward,Canopies,Not Applicable,A slender arboreal snake using camouflage among Himalayan forest vegetation.
Forest Cobra,Naja melanoleuca,1,Not Naturally Found in India,Lengthy,Smooth,Blackwhite,Hooded,Fixed,Rainforests,Forest Cobra Antivenom,A large highly venomous cobra commonly inhabiting dense tropical African forests.
Hill Keelback,Hebius xenura,0,Arunachal Pradesh; Nagaland; Meghalaya; Sikkim,Slender,Keeled,Olivebrown,Rounded,Tiny,Hillsides,Not Applicable,A cool-region keelback usually found near moist hill streams and forests.
Mountain Bronzeback,Dendrelaphis subocularis,0,Assam; Arunachal Pradesh; Nagaland; Meghalaya,Lean,Glossy,Bronzegold,Pointed,Small,Mountains,Not Applicable,An agile arboreal snake inhabiting elevated forested mountain environments.
Cloud Forest Snake,Opisthotropis typica,0,Arunachal Pradesh; Nagaland; Meghalaya,Flexible,Textured,Grayolive,Blunt,Minute,Cloudforests,Not Applicable,A secretive forest snake adapted to cool humid cloud forest ecosystems.
Nilgiri Forest Snake,Xylophis captaini,0,Tamil Nadu; Kerala,Compact,Satin,Darkbrown,Flattened,Tiny,Leaflitter,Not Applicable,A small endemic forest-floor snake inhabiting the Nilgiri and Western Ghats regions.
Khasi Hill Snake,Hebius khasiensis,0,Meghalaya; Assam,Slender,Keeled,Olivegreen,Rounded,Tiny,Hillsides,Not Applicable,A small hill-dwelling snake commonly inhabiting moist Khasi forest environments.
Arunachal Green Snake,Gonyosoma prasinum,0,Arunachal Pradesh; Assam,Lean,Glossy,Green,Pointed,Small,Rainforests,Not Applicable,A bright green arboreal snake adapted to dense northeastern forest canopies.
Sikkim Mountain Snake,Elaphe hodgsonii,0,Sikkim; Arunachal Pradesh,Robust,Textured,Browngray,Oval,Curved,Mountains,Not Applicable,A cool-climate snake inhabiting rocky mountainous forests and valleys.
Assam Forest Snake,Boiga gokool,0,Assam; Nagaland; Meghalaya,Flexible,Smooth,Darkolive,Triangular,Rearfanged,Forests,Not Applicable,A nocturnal forest snake commonly active among dense tropical vegetation.
Darjeeling Snake,Amphiesma platyceps,0,West Bengal; Sikkim,Compact,Striped,Graygreen,Blunt,Tiny,Woodlands,Not Applicable,A harmless snake adapted to cool woodland habitats around Darjeeling hills.
Eastern Hill Snake,Hebius venningi,0,Arunachal Pradesh; Nagaland; Manipur; Meghalaya,Slender,Keeled,Olivebrown,Rounded,Tiny,Hillsides,Not Applicable,A hill-dwelling snake commonly found near moist eastern Himalayan forests and streams.
Western Ghats Snake,Xylophis perroteti,0,Kerala; Karnataka; Tamil Nadu,Compact,Smooth,Darkgray,Blunt,Minute,Leaflitter,Not Applicable,A secretive forest-floor snake endemic to the Western Ghats mountain range.
Evergreen Forest Snake,Boiga forsteni,0,Assam; Odisha; Kerala; Karnataka; Tamil Nadu,Flexible,Glossy,Olivegreen,Triangular,Rearfanged,Evergreenforests,Not Applicable,An arboreal nocturnal snake commonly inhabiting dense evergreen forest ecosystems.
Highland Bamboo Snake,Trimeresurus gramineus,1,Kerala; Karnataka; Tamil Nadu,Lean,Matte,Green,Broad,Curved,Bamboo,Not Applicable,A venomous pit viper frequently resting among bamboo vegetation in hilly forests.
Mist Forest Snake,Opisthotropis maculosa,0,Arunachal Pradesh; Meghalaya; Nagaland,Slim,Textured,Grayolive,Flattened,Tiny,Cloudforests,Not Applicable,A secretive snake adapted to cool misty forests and rocky stream habitats.
Indian Dwarf Snake,Eirenis modestus,0,Jammu and Kashmir; Rajasthan,Tiny,Smooth,Sandy,Rounded,Minute,Scrublands,Not Applicable,A very small harmless snake adapted to dry rocky and scrub-covered habitats.
Indian Black Snake,Sibynophis subpunctatus,0,Kerala; Karnataka; Tamil Nadu; Goa,Slender,Glossy,Black,Narrow,Tiny,Woodlands,Not Applicable,A secretive non-venomous snake usually active beneath leaf litter and loose soil.
Brown Snake,Pseudorabdion longiceps,0,Kerala; Tamil Nadu; Karnataka,Compact,Satin,Brown,Blunt,Small,Leaflitter,Not Applicable,A fossorial forest snake commonly hidden beneath damp leaves and decaying vegetation.
Speckled Brown Snake,Stoliczkaia khasiensis,0,Assam; Meghalaya; Arunachal Pradesh,Flexible,Speckled,Brownish,Oval,Minute,Rainforests,Not Applicable,A rare forest snake displaying fine speckled markings across its brown body.
Black-striped Snake,Liopeltis calamaria,0,Maharashtra; Kerala; Karnataka; Tamil Nadu,Lean,Striped,Darkbrown,Pointed,Tiny,Grasslands,Not Applicable,A slender harmless snake recognized by dark longitudinal stripes along its body.
Ring-necked Snake,Diadophis punctatus,0,Not Naturally Found in India,Slender,Smooth,Grayblack,Rounded,Tiny,Woodlands,Not Applicable,A small harmless snake recognized by the distinct colored ring around its neck.
Reed Snake,Calamaria reedi,0,Assam; Arunachal Pradesh; Meghalaya; Nagaland,Thin,Glossy,Brownish,Blunt,Minute,Reedbeds,Not Applicable,A secretive snake usually hidden among reeds and damp grassy vegetation.
Forest Ground Snake,Pseudorabdion montanum,0,Kerala; Karnataka; Tamil Nadu,Compact,Satin,Darkolive,Flattened,Small,Leaflitter,Not Applicable,A small forest-floor snake adapted to moist leaf-covered ground habitats.
Spotted Ground Snake,Smithophis atemporalis,0,Assam; Arunachal Pradesh; Nagaland,Flexible,Spotted,Graybrown,Oval,Tiny,Forests,Not Applicable,A rare ground snake displaying spotted body patterns within humid forest ecosystems.
Burrowing Snake,Grypotyphlops acutus,0,Tamil Nadu; Kerala; Karnataka; Andhra Pradesh,Cylindrical,Polished,Pinkbrown,Beaked,Toothless,Underground,Not Applicable,A fossorial snake specialized for digging and living beneath loose soil layers.
Indian Green Snake,Gonyosoma prasinum,0,Assam; Arunachal Pradesh; Nagaland; Meghalaya,Slender,Glossy,Green,Pointed,Small,Rainforests,Not Applicable,A bright green arboreal snake commonly inhabiting dense northeastern forest canopies.
Long-tailed Snake,Dendrelaphis caudolineatus,0,Kerala; Karnataka; Tamil Nadu; Goa,Elongated,Smooth,Olivebrown,Narrow,Tiny,Canopies,Not Applicable,A swift tree-dwelling snake distinguished by its unusually long tail region.
Thick-bodied Snake,Eryx johnii,0,Rajasthan; Gujarat; Maharashtra; Karnataka,Bulky,Rough,Reddish,Blunt,Minute,Scrublands,Not Applicable,A heavy-bodied burrowing snake adapted to dry loose-soil environments.
Slender-bodied Snake,Ahaetulla nasuta,0,Kerala; Karnataka; Tamil Nadu; Maharashtra,Threadlike,Satin,Leafgreen,Elongated,Rearward,Trees,Not Applicable,A vine snake perfectly camouflaged among thin branches and green foliage.
Golden-backed Snake,Dendrelaphis pictus,0,Assam; West Bengal; Odisha; Kerala,Flexible,Striped,Golden,Oval,Sharp,Woodlands,Not Applicable,An agile arboreal snake recognized by its golden-toned dorsal body coloration.
White-bellied Snake,Liopeltis calamaria,0,Kerala; Karnataka; Tamil Nadu; Maharashtra,Slender,Smooth,Olivebrown,Rounded,Tiny,Grasslands,Not Applicable,A harmless agile snake recognized by its lighter whitish underside coloration.
Red-striped Snake,Amphiesma stolatum,0,Assam; West Bengal; Odisha; Tamil Nadu,Flexible,Striped,Reddish,Blunt,Minute,Gardens,Not Applicable,A small non-venomous snake displaying faint reddish stripes along its body.
Grey Marsh Snake,Xenochrophis cerasogaster,0,Assam; Bihar; West Bengal; Odisha,Compact,Glossy,Gray,Narrow,Small,Marshes,Not Applicable,A semi-aquatic snake commonly inhabiting marshlands and slow-moving freshwater habitats.
Indian Leaf Snake,Ahaetulla nasuta,0,Kerala; Karnataka; Tamil Nadu; Goa,Threadlike,Satin,Leafgreen,Pointed,Rearward,Canopies,Not Applicable,A slender arboreal snake camouflaged effectively among leaves and branches.
Bamboo Forest Snake,Trimeresurus gramineus,1,Kerala; Karnataka; Tamil Nadu,Lean,Keeled,Green,Broad,Curved,Bamboo,Not Applicable,A venomous green pit viper frequently resting among bamboo forest vegetation.
Highland Water Snake,Opisthotropis maculosa,0,Arunachal Pradesh; Nagaland; Meghalaya; Sikkim,Slender,Textured,Darkolive,Blunt,Minute,Streams,Not Applicable,A cool-region aquatic snake commonly inhabiting rocky mountain stream habitats.
Eastern Vine Snake,Ahaetulla prasina,0,Assam; Arunachal Pradesh; Nagaland; Meghalaya,Threadlike,Smooth,Brightgreen,Pointed,Rearward,Rainforests,Not Applicable,A slender arboreal snake perfectly camouflaged among dense eastern forest foliage.
Southern Cat Snake,Boiga beddomei,0,Kerala; Karnataka; Tamil Nadu,Flexible,Glossy,Chestnut,Triangular,Rearfanged,Woodlands,Not Applicable,A nocturnal climbing snake commonly found within southern tropical forest habitats.
Northern Wolf Snake,Lycodon striatus,0,Punjab; Haryana; Uttar Pradesh; Rajasthan,Compact,Banded,Graybrown,Flattened,Sharp,Grasslands,Not Applicable,A harmless nocturnal snake often mistaken for venomous kraits near settlements.
Indian Cliff Snake,Platyceps gracilis,0,Rajasthan; Gujarat; Maharashtra,Lean,Satin,Sandy,Elongated,Tiny,Rocklands,Not Applicable,A fast-moving snake adapted to rocky cliffs and dry rugged landscapes.
Coastal Forest Snake,Boiga forsteni,0,Kerala; Karnataka; Tamil Nadu; Odisha,Slender,Glossy,Olivebrown,Triangular,Rearfanged,Coastalforests,Not Applicable,A nocturnal arboreal snake commonly inhabiting humid coastal forest ecosystems.
Dry-zone Snake,Psammophis condanarus,0,Rajasthan; Gujarat; Maharashtra; Andhra Pradesh,Lean,Smooth,Sandy,Narrow,Sharp,Scrublands,Not Applicable,A swift ground snake adapted to hot dry grasslands and semi-arid habitats.
Rainforest Snake,Dendrelaphis formosus,0,Assam; Arunachal Pradesh; Nagaland; Meghalaya,Flexible,Satin,Greenish,Oval,Tiny,Rainforests,Not Applicable,An agile arboreal snake frequently active within dense tropical rainforest vegetation.
Savannah Snake,Psammophis schokari,0,Rajasthan; Gujarat,Lengthy,Polished,Tan,Pointed,Small,Grasslands,Not Applicable,A fast-moving snake specialized for open grassland and dry savannah-like regions.
Rock-dwelling Snake,Platyceps rhodorachis,0,Rajasthan; Gujarat; Maharashtra; Karnataka,Streamlined,Rough,Graybrown,Flattened,Minute,Rocklands,Not Applicable,A swift snake commonly found hiding among rocky crevices and dry terrain.
Cave Snake,Elaphe taeniura,0,Meghalaya; Arunachal Pradesh; Nagaland,Slender,Smooth,Graybrown,Pointed,Small,Caves,Not Applicable,A secretive snake commonly inhabiting dark rocky caves and underground crevices.
Mossy Snake,Xylophis stenorhynchus,0,Kerala; Karnataka; Tamil Nadu,Compact,Velvety,Mossgreen,Blunt,Tiny,Forestfloors,Not Applicable,A forest-floor snake camouflaged effectively among moss-covered damp environments.
Leaf-litter Snake,Pseudorabdion montanum,0,Kerala; Tamil Nadu; Karnataka,Flexible,Satin,Brownish,Flattened,Minute,Leaflitter,Not Applicable,A tiny fossorial snake usually hidden beneath decomposing forest leaves.
Jungle Ground Snake,Smithophis atemporalis,0,Assam; Arunachal Pradesh; Nagaland,Lean,Textured,Darkolive,Rounded,Small,Jungles,Not Applicable,A secretive terrestrial snake adapted to dense jungle floor vegetation.
Streamside Snake,Opisthotropis maculosa,0,Arunachal Pradesh; Meghalaya; Nagaland,Slender,Rough,Grayolive,Blunt,Minute,Streamsides,Not Applicable,A freshwater snake commonly found near rocky forest streams and flowing water.
Pebble Snake,Platyceps ventromaculatus,0,Rajasthan; Gujarat; Maharashtra,Slim,Smooth,Stonegray,Pointed,Tiny,Rocklands,Not Applicable,A fast-moving snake well-camouflaged among rocky pebbled terrain and dry habitats.
Desert Sand Snake,Psammophis schokari,0,Rajasthan; Gujarat,Elongated,Glossy,Sandy,Narrow,Sharp,Deserts,Not Applicable,A swift desert snake adapted for movement across loose sandy environments.
Thorn Forest Snake,Ahaetulla pulverulenta,0,Kerala; Karnataka; Tamil Nadu,Threadlike,Rough,Brownish,Elongated,Rearward,Thornforests,Not Applicable,A slender arboreal snake camouflaged among dry thorny forest branches.
Grassland Snake,Amphiesma stolatum,0,Assam; West Bengal; Odisha; Tamil Nadu,Flexible,Keeled,Olivebrown,Rounded,Minute,Grasslands,Not Applicable,A harmless small snake commonly seen moving through grassy open landscapes.
Riverbank Snake,Fowlea piscator,0,Assam; Bihar; Uttar Pradesh; Kerala; Tamil Nadu,Muscular,Checkered,Brown,Narrow,Toothlike,Riverbanks,Not Applicable,"A freshwater snake frequently encountered near rivers, ponds, and muddy banks."
Woodland Snake,Dendrelaphis tristis,0,Maharashtra; Karnataka; Kerala; Tamil Nadu,Slender,Glossy,Bronzebrown,Oval,Small,Woodlands,Not Applicable,An agile arboreal snake commonly active within open woodland and forest habitats.
Tree-hole Snake,Boiga trigonata,0,Rajasthan; Gujarat; Maharashtra; Karnataka,Flexible,Smooth,Brownish,Triangular,Rearfanged,Treeholes,Not Applicable,A nocturnal climbing snake often hiding inside hollow tree trunks and cavities.
Plateau Snake,Platyceps gracilis,0,Maharashtra; Karnataka; Telangana,Lean,Satin,Graybrown,Pointed,Tiny,Plateaus,Not Applicable,A swift ground snake adapted to dry rocky plateau landscapes and scrub.
Wet Forest Snake,Xylophis captaini,0,Kerala; Tamil Nadu,Compact,Velvety,Darkolive,Blunt,Minute,Wetforests,Not Applicable,A secretive forest-floor snake inhabiting moist tropical woodland ecosystems.
Black Forest Snake,Sibynophis subpunctatus,0,Kerala; Karnataka; Tamil Nadu; Goa,Elongated,Polished,Black,Narrow,Small,Rainforests,Not Applicable,A harmless dark-colored snake commonly hidden beneath dense forest leaf litter.
Orange-striped Snake,Amphiesma stolatum,0,Assam; West Bengal; Odisha; Tamil Nadu,Slender,Striped,Orange,Rounded,Minute,Grasslands,Not Applicable,A small harmless snake recognized by orange-toned stripes along its body.
Red Bamboo Snake,Oreocryptophis porphyraceus,0,Arunachal Pradesh; Nagaland; Meghalaya; Sikkim,Flexible,Glossy,Red,Pointed,Small,Bamboo,Not Applicable,A colorful mountain snake commonly associated with cool bamboo forest habitats.
Blue Forest Snake,Liopeltis calamaria,0,Kerala; Karnataka; Tamil Nadu,Lean,Satin,Bluish,Narrow,Tiny,Rainforests,Not Applicable,A slender forest snake occasionally showing bluish body reflections under light.
Narrow-headed Snake,Ahaetulla oxyrhyncha,0,Assam; Arunachal Pradesh; Nagaland; Meghalaya,Threadlike,Smooth,Leafgreen,Narrowheaded,Rearward,Canopies,Not Applicable,An arboreal vine snake distinguished by its extremely narrow elongated head.
Thick-tailed Snake,Eryx johnii,0,Rajasthan; Gujarat; Maharashtra; Karnataka,Bulky,Rough,Brownish,Blunt,Minute,Scrublands,Not Applicable,A burrowing snake recognized by its thick rounded tail and heavy body.
White-striped Snake,Liopeltis calamaria,0,Kerala; Karnataka; Tamil Nadu; Maharashtra,Slender,Striped,Brownwhite,Pointed,Tiny,Grasslands,Not Applicable,A harmless agile snake displaying pale longitudinal stripes across its slender body.
Silver Snake,Sibynophis subpunctatus,0,Kerala; Karnataka; Tamil Nadu,Lean,Glossy,Silvergray,Rounded,Minute,Woodlands,Not Applicable,A secretive forest snake occasionally showing silvery reflections under natural light.
Green-striped Snake,Dendrelaphis pictus,0,Assam; West Bengal; Odisha; Kerala,Flexible,Striped,Green,Oval,Sharp,Forests,Not Applicable,A fast-moving arboreal snake recognized by green-toned striped body patterns.
Hill Stream Snake,Opisthotropis maculosa,0,Arunachal Pradesh; Meghalaya; Nagaland; Sikkim,Compact,Rough,Darkolive,Blunt,Minute,Streams,Not Applicable,A freshwater snake specialized for life around rocky hill stream environments.
Monsoon Snake,Amphiesma stolatum,0,Assam; Bihar; West Bengal; Kerala; Tamil Nadu,Slim,Keeled,Olivebrown,Rounded,Tiny,Wetlands,Not Applicable,A small non-venomous snake frequently active during rainy monsoon conditions.
Valley Snake,Hebius venningi,0,Arunachal Pradesh; Nagaland; Meghalaya; Sikkim,Slender,Keeled,Olivegray,Rounded,Tiny,Valleys,Not Applicable,A hill-region snake commonly inhabiting cool moist valleys and forest edges.
Forest Marsh Snake,Xenochrophis cerasogaster,0,Assam; West Bengal; Odisha; Bihar,Flexible,Glossy,Darkbrown,Narrow,Small,Marshes,Not Applicable,A semi-aquatic snake adapted to swampy forests and marshland ecosystems.
Small-eyed Snake,Sibynophis subpunctatus,0,Kerala; Karnataka; Tamil Nadu,Compact,Smooth,Graybrown,Blunt,Minute,Leaflitter,Not Applicable,A secretive harmless snake recognized by its relatively small eye size.
Long-snouted Snake,Ahaetulla oxyrhyncha,0,Assam; Arunachal Pradesh; Nagaland; Meghalaya,Threadlike,Satin,Leafgreen,Longsnouted,Rearward,Canopies,Not Applicable,An arboreal vine snake distinguished by its extended pointed snout structure.
Brown Marsh Snake,Enhydris enhydris,0,Assam; West Bengal; Kerala; Odisha,Elongated,Polished,Brown,Rounded,Tiny,Swamps,Not Applicable,A harmless aquatic snake frequently inhabiting marshes and muddy freshwater habitats.
Dark Vine Snake,Ahaetulla pulverulenta,0,Kerala; Karnataka; Tamil Nadu,Threadlike,Smooth,Darkbrown,Pointed,Rearward,Canopies,Not Applicable,A slender arboreal snake camouflaged effectively among dark forest branches and vines.
Woodland Keelback,Hebius xenura,0,Arunachal Pradesh; Nagaland; Meghalaya; Sikkim,Flexible,Keeled,Olivegreen,Rounded,Tiny,Woodlands,Not Applicable,A harmless keelback commonly inhabiting moist woodland streams and forest edges.
Grass Keelback,Amphiesma stolatum,0,Assam; West Bengal; Odisha; Tamil Nadu,Slim,Striped,Grassgreen,Blunt,Minute,Grasslands,Not Applicable,A small active snake frequently moving through grassy fields and wetlands.
Hill Rat Snake,Elaphe hodgsonii,0,Uttarakhand; Himachal Pradesh; Sikkim; Arunachal Pradesh,Lengthy,Rough,Browngray,Narrow,Small,Hillsides,Not Applicable,A cool-region rat snake adapted to rocky hill forests and valleys.
Assam Cat Snake,Boiga gokool,0,Assam; Nagaland; Meghalaya; Arunachal Pradesh,Lean,Glossy,Olivebrown,Triangular,Rearfanged,Rainforests,Not Applicable,A nocturnal arboreal snake commonly found in humid northeastern forest habitats.
Himalayan Bronzeback,Dendrelaphis subocularis,0,Arunachal Pradesh; Sikkim; Meghalaya; Nagaland,Slender,Glossy,Bronzegreen,Pointed,Small,Mountains,Not Applicable,An agile arboreal snake commonly inhabiting cool Himalayan forest environments.
Indian Cliff Keelback,Hebius platyceps,0,Uttarakhand; Himachal Pradesh; Sikkim,Flexible,Keeled,Grayolive,Flattened,Tiny,Rocklands,Not Applicable,A harmless hill snake adapted to rocky cliffs and mountain streams.
Forest Wolf Snake,Lycodon laoensis,0,Assam; Arunachal Pradesh; Nagaland; Meghalaya,Compact,Satin,Darkbrown,Blunt,Sharp,Rainforests,Not Applicable,A nocturnal forest snake commonly hidden beneath logs and forest debris.
Bamboo Pit Snake,Trimeresurus gramineus,1,Kerala; Karnataka; Tamil Nadu,Lean,Matte,Green,Broad,Curved,Bamboo,Not Applicable,A venomous arboreal pit viper frequently resting among bamboo vegetation.
Green Forest Pit Snake,Trimeresurus erythrurus,1,Assam; Arunachal Pradesh; Nagaland; Meghalaya,Slender,Granular,Emerald,Triangular,Hollow,Forests,Not Applicable,A green venomous pit viper well-camouflaged within dense forest foliage.
Andaman Wolf Snake,Lycodon hypsirhinoides,0,Andaman Islands,Compact,Glossy,Darkolive,Flattened,Sharp,Tropicalforests,Not Applicable,An island wolf snake commonly inhabiting humid tropical forest environments of the Andamans.
Nicobar Wolf Snake,Lycodon tiwarii,0,Nicobar Islands,Slim,Satin,Graybrown,Blunt,Tiny,Woodlands,Not Applicable,A rare endemic wolf snake adapted to dense island woodland habitats.
Indian Reed Snake,Calamaria indica,0,Assam; Arunachal Pradesh; Meghalaya; Nagaland,Threadlike,Smooth,Brownish,Rounded,Minute,Reedbeds,Not Applicable,A tiny secretive snake usually hidden among reeds and moist vegetation.
Black Marsh Snake,Enhydris enhydris,0,West Bengal; Odisha; Assam; Kerala,Flexible,Polished,Black,Narrow,Small,Marshes,Not Applicable,A harmless aquatic snake commonly found in swampy marshland habitats.
Grey Vine Snake,Ahaetulla pulverulenta,0,Kerala; Karnataka; Tamil Nadu,Whiplike,Satin,Gray,Pointed,Rearward,Canopies,Not Applicable,A slender arboreal snake camouflaged among dry grayish forest branches.
Slender Cat Snake,Boiga multifasciata,0,Arunachal Pradesh; Nagaland; Meghalaya; Sikkim,Thin,Glossy,Graybrown,Triangular,Rearfanged,Woodlands,Not Applicable,A nocturnal climbing snake commonly found within cool hilly forest habitats.
Yellow Vine Snake,Ahaetulla nasuta,0,Kerala; Karnataka; Tamil Nadu; Goa,Threadlike,Smooth,Yellowgreen,Pointed,Rearward,Canopies,Not Applicable,A slender arboreal snake perfectly camouflaged among yellow-green foliage and vines.
Wetland Keelback,Fowlea piscator,0,Assam; Bihar; West Bengal; Kerala; Tamil Nadu,Flexible,Keeled,Olivebrown,Rounded,Sharp,Wetlands,Not Applicable,A common freshwater snake frequently hunting fish and frogs near wetlands.
Woodland Cat Snake,Boiga trigonata,0,Rajasthan; Gujarat; Maharashtra; Karnataka,Lean,Satin,Brownish,Oval,Curved,Woodlands,Not Applicable,A nocturnal tree snake often hiding within hollow trunks and dense shrubs.
Black Tree Snake,Dendrelaphis tristis,0,Kerala; Karnataka; Tamil Nadu; Maharashtra,Slender,Polished,Black,Rounded,Tiny,Trees,Not Applicable,A fast-moving arboreal snake active during daytime among forest branches and trees.
Mangrove Snake,Boiga dendrophila,1,Andaman Islands; Nicobar Islands,Slender,Glossy,Blackyellow,Triangular,Rearfanged,Mangroves,Not Applicable,A striking arboreal snake commonly inhabiting coastal mangrove and tropical forest habitats.
Mud Burrowing Snake,Grypotyphlops acutus,0,Tamil Nadu; Kerala; Karnataka; Andhra Pradesh,Cylindrical,Smooth,Pinkbrown,Beaked,Toothless,Mudflats,Not Applicable,A fossorial snake specialized for burrowing through soft muddy underground habitats.
Eastern Ground Snake,Smithophis atemporalis,0,Assam; Arunachal Pradesh; Nagaland,Compact,Textured,Darkbrown,Rounded,Minute,Forestfloors,Not Applicable,A secretive terrestrial snake inhabiting humid eastern forest floor ecosystems.
Western Ground Snake,Xylophis perroteti,0,Kerala; Karnataka; Tamil Nadu,Short,Velvety,Oliveblack,Blunt,Tiny,Leaflitter,Not Applicable,A tiny forest-floor snake endemic to the Western Ghats region.
Dry Forest Snake,Psammophis condanarus,0,Rajasthan; Gujarat; Maharashtra; Andhra Pradesh,Lean,Polished,Sandy,Narrow,Sharp,Dryforests,Not Applicable,A swift snake adapted to dry woodland and scrub forest habitats.
Highland Pit Snake,Trimeresurus monticola,1,Sikkim; Arunachal Pradesh; Uttarakhand; Himachal Pradesh,Robust,Granular,Olivegreen,Triangular,Hollow,Highlands,Not Applicable,A venomous mountain pit viper adapted to cool high-altitude forest habitats.
Small Forest Snake,Xylophis captaini,0,Kerala; Tamil Nadu,Compact,Smooth,Darkbrown,Blunt,Tiny,Forests,Not Applicable,A tiny secretive snake commonly hidden beneath moist forest leaf litter.
Broad-headed Snake,Platyceps rhodorachis,0,Rajasthan; Gujarat; Maharashtra,Slender,Rough,Graybrown,Broadheaded,Minute,Rocklands,Not Applicable,A swift ground snake commonly inhabiting rocky dry and semi-arid regions.
Indian Hill Snake,Hebius platyceps,0,Uttarakhand; Himachal Pradesh; Sikkim,Flexible,Keeled,Olivegray,Rounded,Tiny,Hillsides,Not Applicable,A harmless hill snake frequently found near rocky mountain streams and forests.
Mountain Reed Snake,Calamaria pavimentata,0,Arunachal Pradesh; Meghalaya; Nagaland,Threadlike,Glossy,Brownish,Pointed,Small,Highlandforests,Not Applicable,A secretive small snake commonly inhabiting moist mountainous forest regions.
Deep Forest Snake,Boiga forsteni,0,Assam; Odisha; Kerala; Karnataka; Tamil Nadu,Slender,Glossy,Darkolive,Triangular,Rearfanged,Rainforests,Not Applicable,A nocturnal arboreal snake commonly inhabiting dense undisturbed tropical forests.
Indian Stream Snake,Opisthotropis maculosa,0,Arunachal Pradesh; Meghalaya; Nagaland; Sikkim,Flexible,Rough,Graygreen,Blunt,Minute,Streams,Not Applicable,A freshwater snake specialized for life near rocky flowing hill streams.
Spotted Tree Snake,Dendrelaphis punctulatus,0,Not Naturally Found in India,Lean,Spotted,Greenbrown,Rounded,Tiny,Canopies,Not Applicable,A swift arboreal snake displaying spotted patterns across its slender body.
Red Forest Snake,Oreocryptophis porphyraceus,0,Arunachal Pradesh; Nagaland; Meghalaya; Sikkim,Compact,Satin,Red,Pointed,Small,Cloudforests,Not Applicable,A colorful mountain forest snake adapted to cool humid environments.
Narrow-striped Snake,Liopeltis calamaria,0,Kerala; Karnataka; Tamil Nadu; Maharashtra,Threadlike,Striped,Brownish,Narrow,Tiny,Grasslands,Not Applicable,A slender harmless snake recognized by thin longitudinal body stripes.
Indian Marsh Keelback,Fowlea piscator,0,Assam; Bihar; West Bengal; Kerala; Tamil Nadu,Flexible,Keeled,Olivebrown,Rounded,Sharp,Marshes,Not Applicable,A common freshwater keelback frequently found near marshes and shallow wetlands.
Green Marsh Snake,Xenochrophis cerasogaster,0,Assam; West Bengal; Odisha; Bihar,Slender,Glossy,Green,Narrow,Minute,Wetlands,Not Applicable,A semi-aquatic snake adapted to marshlands and slow-moving freshwater habitats.
Black Bamboo Snake,Oreocryptophis porphyraceus,0,Arunachal Pradesh; Nagaland; Meghalaya; Sikkim,Compact,Satin,Black,Pointed,Small,Bamboo,Not Applicable,A mountain forest snake commonly associated with cool bamboo-covered habitats.
Grass Vine Snake,Ahaetulla nasuta,0,Kerala; Karnataka; Tamil Nadu; Maharashtra,Threadlike,Smooth,Grassgreen,Elongated,Rearward,Grasslands,Not Applicable,A slender arboreal snake camouflaged effectively among grassy vegetation and thin branches.
Rain Snake,Amphiesma stolatum,0,Assam; West Bengal; Odisha; Kerala; Tamil Nadu,Slim,Striped,Brownish,Blunt,Tiny,Rainforests,Not Applicable,A harmless small snake frequently active during rainy and humid weather conditions.
Forest Leaf Snake,Ahaetulla nasuta,0,Kerala; Karnataka; Tamil Nadu; Goa,Threadlike,Smooth,Leafgreen,Pointed,Rearward,Forests,Not Applicable,A slender arboreal snake perfectly camouflaged among forest leaves and branches.
Black Hill Snake,Hebius venningi,0,Arunachal Pradesh; Nagaland; Meghalaya; Sikkim,Slender,Keeled,Blackish,Rounded,Tiny,Hillsides,Not Applicable,A cool-region hill snake commonly inhabiting moist forested mountain environments.
Long Forest Snake,Dendrelaphis tristis,0,Maharashtra; Karnataka; Kerala; Tamil Nadu,Elongated,Glossy,Bronzebrown,Oval,Small,Woodlands,Not Applicable,A swift arboreal snake active during daytime within tropical forest habitats.
Indian Water Keelback,Fowlea piscator,0,Assam; Bihar; Uttar Pradesh; Kerala; Tamil Nadu,Muscular,Checkered,Brown,Narrow,Sharp,Rivers,Not Applicable,A common freshwater snake frequently hunting fish and amphibians near water bodies.
Yellow Marsh Snake,Xenochrophis flavipunctatus,0,Assam; West Bengal; Odisha; Bihar,Flexible,Spotted,Yellowbrown,Blunt,Minute,Marshes,Not Applicable,A semi-aquatic snake recognized by yellow-toned markings across its marsh-adapted body.
Southern Bamboo Snake,Trimeresurus gramineus,1,Kerala; Karnataka; Tamil Nadu,Lean,Matte,Green,Broad,Curved,Bamboo,Not Applicable,A venomous green pit viper commonly resting among southern bamboo forest vegetation.
Coastal Ground Snake,Smithophis bicolor,0,Odisha; Andhra Pradesh; Tamil Nadu; Kerala,Compact,Smooth,Browngray,Rounded,Tiny,Coastlines,Not Applicable,A small terrestrial snake adapted to humid coastal ground habitats and scrub.
Indian Forest Snake,Boiga forsteni,0,Assam; Odisha; Kerala; Karnataka; Tamil Nadu,Slender,Glossy,Olivebrown,Triangular,Rearfanged,Rainforests,Not Applicable,A nocturnal arboreal snake commonly inhabiting dense Indian tropical forests.
Eastern Bamboo Snake,Oreocryptophis porphyraceus,0,Arunachal Pradesh; Nagaland; Meghalaya; Sikkim,Flexible,Satin,Reddish,Pointed,Small,Bamboo,Not Applicable,A colorful mountain snake associated with cool eastern bamboo forest habitats.
Indian Reed Keelback,Hebius parallelus,0,Assam; Arunachal Pradesh; Nagaland,Slim,Keeled,Olivegreen,Blunt,Tiny,Reedbeds,Not Applicable,A harmless keelback commonly inhabiting moist reed-covered freshwater environments.
